power,oem,country,class_tons,engine_power_kw,blade_size,bucket_size_m3,type,year_of_release,development_status,model_number,link,link_date,last_seen_utc
Hybrid,Komatsu,Japan,,,,,Excavator,,,HTML,https://www.komatsu.com/,,2026-02-10T05:58:57Z
Hybrid,Komatsu,Japan,,,,,Excavator,,,HTML,https://www.komatsu.com/en-us/products/equipment/forklifts,,2026-02-10T05:58:58Z
Hybrid,Komatsu,Japan,,,,,Excavator,,,HTML,https://www.komatsu.com/content/komatsu/websites/na/en-us/contact-us,,2026-02-10T05:58:58Z
Hybrid,Komatsu,Japan,,,,,Excavator,,,HTML,https://www.komatsu.com/en-us/technology/smart-quarry,,2026-02-10T05:58:59Z
Hybrid,Komatsu,Japan,,,,,Excavator,,,HTML,https://www.komatsu.com/en-us/products/parts,,2026-02-10T05:58:59Z
Hybrid,Komatsu,Japan,,,,,Excavator,,,HTML,https://www.komatsu.com/en-us/technology,,2026-02-10T05:58:59Z
Hybrid,Komatsu,Japan,,,,,Excavator,,,HTML,https://www.komatsu.com/content/komatsu/websites/na/en-us/services-and-support,,2026-02-10T05:59:00Z
Hybrid,Komatsu,Japan,,,,,Excavator,,,HTML,https://www.komatsu.com/en-us/products/equipment/motor-graders,,2026-02-10T05:59:00Z
Hybrid,Komatsu,Japan,,,,,Excavator,,,HTML,https://www.komatsu.com/content/komatsu/websites/na/en-us/about,,2026-02-10T05:59:01Z
Hybrid,Komatsu,Japan,,,,,Excavator,,,HTML,https://www.komatsu.com/en-us/products/equipment/underground-hard-rock-drills,,2026-02-10T05:59:01Z
Hybrid,Komatsu,Japan,,,,,Excavator,,,HTML,https://www.komatsu.com/en-us/products/equipment/crushing,,2026-02-10T05:59:02Z
Hybrid,Komatsu,Japan,,,,,Excavator,,,HTML,https://www.komatsu.com/en-us,,2026-02-10T05:59:02Z
Hybrid,Komatsu,Japan,,,,,Excavator,,,HTML,https://www.komatsu.com/en-us/products/equipment/wheel-loaders,,2026-02-10T05:59:02Z
Hybrid,Komatsu,Japan,,,,,Excavator,,,HTML,https://www.komatsu.com/content/komatsu/websites/na/en-us/california-supply-chain-transparency-act,,2026-02-10T05:59:03Z
Hybrid,Komatsu,Japan,,,,,Excavator,,,HTML,https://www.komatsu.com/en-us/products/equipment,,2026-02-10T05:59:03Z
Hybrid,Komatsu,Japan,,,,,Excavator,,,HTML,https://www.komatsu.com/content/komatsu/websites/na/en-us/privacy-statement,,2026-02-10T05:59:04Z
Hybrid,Komatsu,Japan,,,,,Excavator,,,HTML,https://www.komatsu.com/,,2026-02-10T05:59:04Z
Hybrid,Komatsu,Japan,,,,,Excavator,,,HTML,https://www.komatsu.com/en-us/newsroom/2026/komatsu-introduces-xf895-3-forwarder,,2026-02-10T05:59:05Z
Hybrid,Komatsu,Japan,,,,,Excavator,,,HTML,https://www.komatsu.com/en-us/products/equipment/hard-rock-continuous-miners,,2026-02-10T05:59:05Z
Hybrid,Komatsu,Japan,,,,,Excavator,,,HTML,https://www.komatsu.com/en-us/technology/smart-quarry/site,,2026-02-10T05:59:05Z
Hybrid,Komatsu,Japan,,,,,Excavator,,,HTML,https://www.komatsu.com/en-us/technology/smart-construction/3d-machine-guidance-flex,,2026-02-10T05:59:06Z
Hybrid,Komatsu,Japan,,,,,Excavator,,,HTML,https://www.komatsu.com/en-us/products/equipment/shaft-sinking-equipment,,2026-02-10T05:59:06Z
Hybrid,Komatsu,Japan,,,,,Excavator,,,HTML,https://www.komatsu.com/en-us/request-a-quote,,2026-02-10T05:59:06Z
Hybrid,Komatsu,Japan,,,,,Excavator,,,HTML,https://www.komatsu.com/en-us/newsroom/2026/komatsu-west-adds-forestry,,2026-02-10T05:59:07Z
Hybrid,Komatsu,Japan,,,,,Excavator,,,HTML,https://www.komatsu.com/content/komatsu/websites/na/en-us/products/parts,,2026-02-10T05:59:07Z
Hybrid,Komatsu,Japan,,,,,Excavator,,,HTML,https://www.komatsu.com/content/komatsu/websites/na/en-us/request-a-quote,,2026-02-10T05:59:07Z
Hybrid,Komatsu,Japan,,,,,Excavator,,,HTML,https://www.komatsu.com/en-us/products/equipment/forestry,,2026-02-10T05:59:08Z
Hybrid,Komatsu,Japan,,,,,Excavator,,,HTML,https://www.komatsu.com/en-us/products/equipment/excavators,,2026-02-10T05:59:08Z
Hybrid,Komatsu,Japan,,,,,Excavator,,,HTML,https://www.komatsu.com/en-us/technology/smart-mining,,2026-02-10T05:59:08Z
Hybrid,Komatsu,Japan,,,,,Excavator,,,HTML,https://www.komatsu.com/en-us/products/attachments,,2026-02-10T05:59:09Z
Hybrid,Komatsu,Japan,,,,,Excavator,,,HTML,https://www.komatsu.com/en-us/technology/smart-construction/intelligent-machine-control,,2026-02-10T05:59:09Z
Battery,Hitachi,Japan,,,,,Excavator,,,HTML,https://www.hitachicm.com/,,2026-02-10T05:59:50Z
Battery,Hitachi,Japan,,,,,Excavator,,,HTML,https://www.hitachicm.com/#a07,,2026-02-10T05:59:51Z
Battery,Hitachi,Japan,,,,,Excavator,,,HTML,https://www.hitachicm.com/global/en/innovations/,,2026-02-10T05:59:52Z
Battery,Hitachi,Japan,,,,,Excavator,,,HTML,https://www.hitachicm.com/global/en/ir/stock/,,2026-02-10T05:59:53Z
Battery,Hitachi,Japan,,,,,Excavator,,,HTML,https://www.hitachicm.com/#a03,,2026-02-10T05:59:53Z
Battery,Hitachi,Japan,,,,,Excavator,,,HTML,https://www.hitachicm.com/#a02,,2026-02-10T05:59:53Z
Battery,Hitachi,Japan,,,,,Excavator,,,HTML,https://www.hitachicm.com/global/en/corporate/publicity/,,2026-02-10T05:59:54Z
Battery,Hitachi,Japan,,,,,Excavator,,,HTML,https://www.hitachicm.com/global/en/search-result/,,2026-02-10T05:59:55Z
Battery,Hitachi,Japan,,,,,Excavator,,,HTML,https://www.hitachicm.com/global/en/ir/stock-and-bond/,,2026-02-10T05:59:55Z
Battery,Hitachi,Japan,,,,,Excavator,,,HTML,https://www.hitachicm.com/global/en/global-network/dealer-locator/,,2026-02-10T05:59:57Z
Battery,Hitachi,Japan,,,,,Excavator,,,HTML,https://www.hitachicm.com/global/en/corporate/,,2026-02-10T05:59:57Z
Hybrid,Hitachi,Japan,,,,,Excavator,,,HTML,https://www.hitachicm.com/global/en/products/,,2026-02-10T05:59:57Z
Battery,Hitachi,Japan,,,,,Excavator,,,HTML,https://www.hitachicm.com/global/en/data-governance-policy/,,2026-02-10T05:59:58Z
Battery,Hitachi,Japan,,,,,Excavator,,,HTML,https://www.hitachicm.com/global/en/ir/library/,,2026-02-10T05:59:58Z
Battery,Hitachi,Japan,,,,,Excavator,,,HTML,https://www.hitachicm.com/global/en/corporate/top-message/,,2026-02-10T05:59:59Z
Battery,Hitachi,Japan,,,,,Excavator,,,HTML,https://www.hitachicm.com/global/en/sustainability/social/,,2026-02-10T06:00:00Z
Hybrid,Hitachi,Japan,,,,,Excavator,,,HTML,https://www.hitachicm.com/global/en/corporate/history/,,2026-02-10T06:00:02Z
Battery,Hitachi,Japan,,,,,Excavator,,,HTML,https://www.hitachicm.com/global/en/solutions/solution-linkage/ict-construction/,,2026-02-10T06:00:03Z
Battery,Hitachi,Japan,,,,,Excavator,,,HTML,https://www.hitachicm.com/global/en/corporate/ev-lab/,,2026-02-10T06:00:04Z
Battery,Hitachi,Japan,,,,,Excavator,,,HTML,https://www.hitachicm.com/global/en/solutions/solution-linkage/consite/,,2026-02-10T06:00:05Z
Battery,Hitachi,Japan,,,,,Excavator,,,HTML,https://www.hitachicm.com/#a04,,2026-02-10T06:00:05Z
Battery,Hitachi,Japan,,,,,Excavator,,,HTML,https://www.hitachicm.com/global/en/solutions/,,2026-02-10T06:00:05Z
Battery,Hitachi,Japan,,,,,Excavator,,,HTML,https://www.hitachicm.com/global/en/sustainability/environment/,,2026-02-10T06:00:06Z
Battery,Hitachi,Japan,,,,,Excavator,,,HTML,https://www.hitachicm.com/global/en/corporate/new-concept/,,2026-02-10T06:00:07Z
Battery,Hitachi,Japan,,,,,Excavator,,,HTML,https://www.hitachicm.com/global/en/corporate/directors/,,2026-02-10T06:00:08Z
Battery,Hitachi,Japan,,,,,Excavator,,,HTML,https://www.hitachicm.com/global/en/privacy/,,2026-02-10T06:00:08Z
Battery,Hitachi,Japan,,,,,Excavator,,,HTML,https://www.hitachicm.com/global/en/cookie-notice/,,2026-02-10T06:00:09Z
,Hitachi,Japan,,,,,Excavator,,,HTML,https://www.hitachicm.com/fr/fr/,,2026-02-10T06:00:09Z
Battery,Hitachi,Japan,,,,,Excavator,,,HTML,https://www.hitachicm.com/global/en/products/mini-wheel-loaders/,,2026-02-10T06:00:10Z
Battery,Hitachi,Japan,,,,,Excavator,,,HTML,https://www.hitachicm.com/#a05,,2026-02-10T06:00:10Z
Battery,Hitachi,Japan,,,,,Excavator,,,HTML,https://www.hitachicm.com/global/en/corporate/production-quality/,,2026-02-10T06:00:11Z
,Volvo CE,Sweden,,,,,Excavator,,,html,https://www.volvoce.com/,,2026-02-10T06:00:12Z
,Liebherr,Germany,,,,,Excavator,,,html,https://www.liebherr.com/en/usa/usa.html,,2026-02-10T06:00:14Z
,Liebherr,Germany,,,,,Wheel loader,,,html,https://www.liebherr.com/en-us/n/liebherr-at-mro-middle-east-2026-exhibition-220992-3782185,,2026-02-10T06:00:14Z
Hybrid,Liebherr,Germany,,,,,Wheel loader,,,html,https://www.liebherr.com/en-us/group/products/solutions/wind-energy/wind-energy-3782026,,2026-02-10T06:00:15Z
,Liebherr,Germany,,,,,Wheel loader,,,html,https://www.liebherr.com/en-us/group/disclaimer/contact-3781985,,2026-02-10T06:00:15Z
,Liebherr,Germany,,,,,Wheel loader,,,html,https://www.liebherr.com/en-us/n/game-of-cranes-liebherr-crowns-the-world’s-best-mobile-crane-operator-210304-3782185,,2026-02-10T06:00:15Z
,Liebherr,Germany,,,,,Wheel loader,,,html,https://www.liebherr.com/en-us/group/about-liebherr/liebherr-worldwide/liebherr-worldwide-3877672,,2026-02-10T06:00:16Z
,Liebherr,Germany,,,,,Wheel loader,,,html,https://www.liebherr.com/en-us/cross-entry-point/en-us-us/corp_imprint,,2026-02-10T06:00:16Z
Hybrid,Liebherr,Germany,,,,,Excavator,,,html,https://www.liebherr.com/en-us/n/hands-on-the-future-at-conexpo-2026-liebherr-previews-expanded-portfolio-and-digital-solutions-221248-3782185,,2026-02-10T06:00:16Z
Hybrid,Liebherr,Germany,,,,,Excavator,,,html,https://www.liebherr.com/en-us/group/news/news-and-press-releases/news-and-press-releases-3782184,,2026-02-10T06:00:17Z
,Liebherr,Germany,,,,,Wheel loader,,,html,https://www.liebherr.com/en-us/group/about-liebherr/services/sales-and-service-partners/sales-and-service-3781939,,2026-02-10T06:00:17Z
Hybrid,Liebherr,Germany,,,,,Wheel loader,,,html,https://www.liebherr.com/en-us/tower-cranes/tower-cranes-4356108,,2026-02-10T06:00:17Z
Hybrid,Liebherr,Germany,,,,,Wheel loader,,,html,https://www.liebherr.com/en-us/maritime-cranes/liebherr-maritime-4433440,,2026-02-10T06:00:18Z
Hydrogen,Liebherr,Germany,,,,,Excavator,,,html,https://www.liebherr.com/en-us/group/annual-reports/annual-report-2024/highlights-7339898,,2026-02-10T06:00:18Z
,Liebherr,Germany,,,,,Wheel loader,,,html,https://www.liebherr.com/en-us/n/global-cooperation-liebherr-and-yuchai-power-join-forces-221760-3782185,,2026-02-10T06:00:18Z
,Liebherr,Germany,,,,,Wheel loader,,,html,https://www.liebherr.com/en-us/careers/professionals-4294648,,2026-02-10T06:00:18Z
,Liebherr,Germany,,,,,Wheel loader,,,html,https://www.liebherr.com/en-us/group/about-liebherr/services/product-security/psirt-3781983,,2026-02-10T06:00:19Z
Hybrid,Liebherr,Germany,,,,,Wheel loader,,,html,https://www.liebherr.com/en-us/deep-foundation/deep-foundation-4424773,,2026-02-10T06:00:19Z
,Liebherr,Germany,,,,,Excavator,,,html,https://www.liebherr.com/en-us/n/bodarwé-liebherr-and-somtp-long-standing-partnership-and-powerful-machine-capability-221440-3782185,,2026-02-10T06:00:21Z
Hydrogen,Liebherr,Germany,,,,,Excavator,,,html,https://www.liebherr.com/en-us/earthmoving/earthmoving-4343019,,2026-02-10T06:00:21Z
Hybrid,Liebherr,Germany,,,,,Excavator,,,html,https://www.liebherr.com/en-us/material-handling/material-handling-4672315,,2026-02-10T06:00:21Z
,Liebherr,Germany,,,,,Wheel loader,,,html,https://www.liebherr.com/en-us/careers/job-vacancies-4294645,,2026-02-10T06:00:22Z
,Liebherr,Germany,,,,,Wheel loader,,,html,https://www.liebherr.com/en-us/careers/contact-4294769,,2026-02-10T06:00:22Z
,Liebherr,Germany,,,,,Excavator,,,html,https://www.liebherr.com/en-us/careers/students-4294676,,2026-02-10T06:00:22Z
,Liebherr,Germany,,,,,Wheel loader,,,html,https://www.liebherr.com/en-us/cross-entry-point/en-us-us/corp_privacy,,2026-02-10T06:00:23Z
Hybrid,Liebherr,Germany,,,,,Excavator,,,html,https://www.liebherr.com/en-us/material-handling/overview-4672316,,2026-02-10T06:00:23Z
,Liebherr,Germany,,,,,Wheel loader,,,html,https://www.liebherr.com/en-us/n/clever-load-planning-with-easycargo-220736-3782185,,2026-02-10T06:00:25Z
,Liebherr,Germany,,,,,Wheel loader,,,html,https://www.liebherr.com/en-us/careers/we-as-an-employer-4294694,,2026-02-10T06:00:25Z
,Liebherr,Germany,,,,,Wheel loader,,,html,https://www.liebherr.com/en-us/cross-entry-point/en-us-us/corp_contact,,2026-02-10T06:00:26Z
Battery,Liebherr,Germany,,,,,Wheel loader,,,html,https://www.liebherr.com/en-us/group/products/solutions/solutions-3782015,,2026-02-10T06:00:26Z
,Liebherr,Germany,,,,,Wheel loader,,,html,https://www.liebherr.com/en-us/group/products/hotels/hotels-3782028,,2026-02-10T06:00:26Z
,Liebherr,Germany,,,,,Excavator,,,html,https://www.liebherr.com/en-us/group/start-page-3782471,,2026-02-10T06:00:27Z
,Liebherr,Germany,,,,,Wheel loader,,,html,https://www.liebherr.com/en/usa/latest-news/latest-news.html,,2026-02-10T06:00:27Z
Hybrid,Liebherr,Germany,,,,,Wheel loader,,,html,https://www.liebherr.com/en-us/group/products/solutions/wind-energy/wind-energy-3782026,,2026-02-10T06:00:28Z
,Liebherr,Germany,,,,,Wheel loader,,,html,https://www.liebherr.com/en/usa/latest-news/latest-news.html,,2026-02-10T06:00:29Z
,Liebherr,Germany,,,,,Wheel loader,,,html,https://www.liebherr.com/en-us/group/disclaimer/contact-3781985,,2026-02-10T06:00:29Z
,Liebherr,Germany,,,,,Wheel loader,,,html,https://www.liebherr.com/en-us/group/about-liebherr/liebherr-worldwide/liebherr-worldwide-3877672,,2026-02-10T06:00:29Z
,Liebherr,Germany,,,,,Wheel loader,,,html,https://www.liebherr.com/en-us/cross-entry-point/en-us-us/corp_imprint,,2026-02-10T06:00:30Z
,Liebherr,Germany,,,,,Wheel loader,,,html,https://www.liebherr.com/en-us/group/about-liebherr/services/sales-and-service-partners/sales-and-service-3781939,,2026-02-10T06:00:30Z
Hybrid,Liebherr,Germany,,,,,Excavator,,,html,https://www.liebherr.com/en-us/group/news/news-and-press-releases/news-and-press-releases-3782184,,2026-02-10T06:00:30Z
Hybrid,Liebherr,Germany,,,,,Wheel loader,,,html,https://www.liebherr.com/en-us/tower-cranes/tower-cranes-4356108,,2026-02-10T06:00:30Z
Hybrid,Liebherr,Germany,,,,,Wheel loader,,,html,https://www.liebherr.com/en-us/maritime-cranes/liebherr-maritime-4433440,,2026-02-10T06:00:31Z
,Liebherr,Germany,,,,,Wheel loader,,,html,https://www.liebherr.com/en-us/n/global-cooperation-liebherr-and-yuchai-power-join-forces-221760-3782185,,2026-02-10T06:00:31Z
,Liebherr,Germany,,,,,Wheel loader,,,html,https://www.liebherr.com/en-us/careers/professionals-4294648,,2026-02-10T06:00:31Z
,Liebherr,Germany,,,,,Wheel loader,,,html,https://www.liebherr.com/en-us/group/about-liebherr/services/product-security/psirt-3781983,,2026-02-10T06:00:32Z
Battery,Liebherr,Germany,,,,,Excavator,,,html,https://www.liebherr.com/en-us/group/news/press-contact/press-contact-3782441#contact_product,,2026-02-10T06:00:32Z
Hybrid,Liebherr,Germany,,,,,Wheel loader,,,html,https://www.liebherr.com/en-us/deep-foundation/deep-foundation-4424773,,2026-02-10T06:00:32Z
Hydrogen,Liebherr,Germany,,,,,Excavator,,,html,https://www.liebherr.com/en-us/earthmoving/earthmoving-4343019,,2026-02-10T06:00:32Z
Hybrid,Liebherr,Germany,,,,,Dump truck,,,html,https://www.liebherr.com/en-us/group/about-liebherr/annual-reports/annual-reports-3781684,,2026-02-10T06:00:33Z
,Liebherr,Germany,,,,,Wheel loader,,,html,https://www.liebherr.com/en-us/careers/job-vacancies-4294645,,2026-02-10T06:00:33Z
,Liebherr,Germany,,,,,Excavator,,,html,https://www.liebherr.com/en-us/careers/students-4294676,,2026-02-10T06:00:33Z
,Liebherr,Germany,,,,,Wheel loader,,,html,https://www.liebherr.com/en-us/careers/contact-4294769,,2026-02-10T06:00:34Z
,Liebherr,Germany,,,,,Wheel loader,,,html,https://www.liebherr.com/en-us/cross-entry-point/en-us-us/corp_privacy,,2026-02-10T06:00:34Z
Hybrid,Liebherr,Germany,,,,,Excavator,,,html,https://www.liebherr.com/en-us/material-handling/overview-4672316,,2026-02-10T06:00:34Z
,Liebherr,Germany,,,,,Wheel loader,,,html,https://www.liebherr.com/en-us/careers/we-as-an-employer-4294694,,2026-02-10T06:00:34Z
,Liebherr,Germany,,,,,Wheel loader,,,html,https://www.liebherr.com/en-us/cross-entry-point/en-us-us/corp_contact,,2026-02-10T06:00:35Z
,Liebherr,Germany,,,,,Excavator,,,html,https://www.liebherr.com/en-us/group/start-page-3782471,,2026-02-10T06:00:35Z
Battery,Liebherr,Germany,,,,,Excavator,,,html,https://www.liebherr.com/en-us/mining-equipment/mining-equipment-4707223,,2026-02-10T06:00:37Z
,Liebherr,Germany,,,,,Excavator,,,html,https://www.liebherr.com/en-us/group/products/solutions/digital-solutions/digital-solutions-3782017,,2026-02-10T06:00:38Z
,Liebherr,Germany,,,,,Wheel loader,,,html,https://www.liebherr.com/en-us/cross-entry-point/en-us-us/corp_accessibility,,2026-02-10T06:00:38Z
,Liebherr,Germany,,,,,Wheel loader,,,html,https://www.liebherr.com/en-us/n/liebherr-aerospace-lindenberg-gmbh-leading-innovation-in-lufo-vii-projects-218944-3782185,,2026-02-10T06:00:39Z
Battery,Liebherr,Germany,,,,,Wheel loader,,,html,https://www.liebherr.com/en-us/mobile-and-crawler-cranes/mobile-and-crawler-cranes-4407715,,2026-02-10T06:00:39Z
,Liebherr,Germany,,,,,Wheel loader,,,html,https://www.liebherr.com/en-us/careers/careers-4294637,,2026-02-10T06:00:39Z
,John Deere,USA,,,,,Excavator,,,html,https://www.deere.com/en/,,2026-02-10T06:00:40Z
,John Deere,USA,,,,,Excavator,,,html,https://www.deere.com/en/privacy-and-data/accessibility/,,2026-02-10T06:00:41Z
,John Deere,USA,,,,,Excavator,,,html,https://www.deere.com/en/government-and-military-sales/,,2026-02-10T06:00:41Z
,John Deere,USA,,,,,Excavator,,,html,https://www.deere.com/en/finance/financing/landscaping-grounds-care/,,2026-02-10T06:00:41Z
,John Deere,USA,,,,,Excavator,,,html,https://www.deere.com/en/seeding-equipment/,,2026-02-10T06:00:42Z
,John Deere,USA,,,,,Excavator,,,html,https://www.deere.com/en/attachments-accessories-and-implements/,,2026-02-10T06:00:42Z
,John Deere,USA,,,,,Excavator,,,html,https://www.deere.com/en/finance/financing/forestry-and-logging/,,2026-02-10T06:00:43Z
Hybrid,John Deere,USA,,,,,Excavator,,,html,https://www.deere.com/en/wheeled-feller-bunchers/,,2026-02-10T06:00:43Z
,John Deere,USA,,,,,Excavator,,,html,https://www.deere.com/en/digital-tools/,,2026-02-10T06:00:44Z
,John Deere,USA,,,,,Excavator,,,html,https://www.deere.com/en/product-selector-landing/,,2026-02-10T06:00:44Z
,John Deere,USA,,,,,Excavator,,,html,https://www.deere.com/en/parts-and-service/manuals-and-training/construction-operator-training/,,2026-02-10T06:00:44Z
,John Deere,USA,,,,,Excavator,,,html,https://www.deere.com/en/finance/financing/contact-john-deere-financial/,,2026-02-10T06:00:45Z
,John Deere,USA,,,,,Excavator,,,html,https://www.deere.com/en/finance/financing/application/,,2026-02-10T06:00:45Z
,John Deere,USA,,,,,Excavator,,,html,https://www.deere.com/en/home-workshop/,,2026-02-10T06:00:46Z
,John Deere,USA,,,,,Excavator,,,html,https://www.deere.com/en/mowers/commercial-mowers/,,2026-02-10T06:00:46Z
Hybrid,John Deere,USA,,,,,Excavator,,,html,https://www.deere.com/en/harvesting/,,2026-02-10T06:00:47Z
,John Deere,USA,,,,,Excavator,,,html,https://www.deere.com/en/hay-forage/,,2026-02-10T06:00:47Z
,John Deere,USA,,,,,Excavator,,,html,https://www.deere.com/en/loaders/skid-steers/,,2026-02-10T06:00:48Z
,John Deere,USA,,,,,Excavator,,,html,https://www.deere.com/en/compact-equipment/,,2026-02-10T06:00:48Z
,John Deere,USA,,,,,Excavator,,,html,https://www.deere.com/en/forestry-and-logging/,,2026-02-10T06:00:48Z
,John Deere,USA,,,,,Excavator,,,html,https://www.deere.com/en/,,2026-02-10T06:00:49Z
,John Deere,USA,,,,,Excavator,,,html,https://www.deere.com/en/mowers/,,2026-02-10T06:00:49Z
Hybrid,John Deere,USA,,,,,Excavator,,,html,https://www.deere.com/en/golf-sports-turf/,,2026-02-10T06:00:50Z
,John Deere,USA,,,,,Excavator,,,html,https://www.deere.com/en/snowremoval/,,2026-02-10T06:00:50Z
,John Deere,USA,,,,,Excavator,,,html,https://www.deere.com/en/finance/financing/ag-turf/,,2026-02-10T06:00:51Z
,John Deere,USA,,,,,Excavator,,,html,https://www.deere.com/en/turf-sprayers/,,2026-02-10T06:00:52Z
,John Deere,USA,,,,,Excavator,,,html,https://www.deere.com/en/forms/preference-center/,,2026-02-10T06:00:52Z
,John Deere,USA,,,,,Excavator,,,html,https://www.deere.com/en/finance/financing/construction/,,2026-02-10T06:00:53Z
,John Deere,USA,,,,,Excavator,,,html,https://www.deere.com/en/finance/offers-discounts/shared/riding-lawn-equipment/?cid=HOME_HERO,,2026-02-10T06:00:54Z
,John Deere,USA,,,,,Excavator,,,html,https://www.deere.com/en/finance/financing/ag-turf/compact-tractors/,,2026-02-10T06:00:54Z
,John Deere,USA,,,,,Excavator,,,html,https://www.deere.com/en/news/,,2026-02-10T06:00:55Z
,John Deere,USA,,,,,Excavator,,,html,https://www.deere.com/en/privacy-and-data/accessibility/,,2026-02-10T06:00:55Z
,John Deere,USA,,,,,Excavator,,,html,https://www.deere.com/en/government-and-military-sales/,,2026-02-10T06:00:56Z
,John Deere,USA,,,,,Excavator,,,html,https://www.deere.com/en/finance/financing/landscaping-grounds-care/,,2026-02-10T06:00:56Z
,John Deere,USA,,,,,Excavator,,,html,https://www.deere.com/en/seeding-equipment/,,2026-02-10T06:00:56Z
,John Deere,USA,,,,,Excavator,,,html,https://www.deere.com/en/attachments-accessories-and-implements/,,2026-02-10T06:00:57Z
,John Deere,USA,,,,,Excavator,,,html,https://www.deere.com/en/news/all-news/fy25-fourth-quarter-earnings/,,2026-02-10T06:00:57Z
,John Deere,USA,,,,,Excavator,,,html,https://www.deere.com/en/finance/financing/forestry-and-logging/,,2026-02-10T06:00:58Z
,John Deere,USA,,,,,Excavator,,,html,https://www.deere.com/en/news/#MainContentSection,,2026-02-10T06:00:58Z
,John Deere,USA,,,,,Excavator,,,html,https://www.deere.com/en/digital-tools/,,2026-02-10T06:00:59Z
Hybrid,John Deere,USA,,,,,Excavator,,,html,https://www.deere.com/en/wheeled-feller-bunchers/,,2026-02-10T06:00:59Z
,John Deere,USA,,,,,Excavator,,,html,https://www.deere.com/en/parts-and-service/manuals-and-training/construction-operator-training/,,2026-02-10T06:01:00Z
,John Deere,USA,,,,,Excavator,,,html,https://www.deere.com/en/finance/financing/contact-john-deere-financial/,,2026-02-10T06:01:00Z
,John Deere,USA,,,,,Excavator,,,html,https://www.deere.com/en/finance/financing/application/,,2026-02-10T06:01:01Z
,John Deere,USA,,,,,Excavator,,,html,https://www.deere.com/en/home-workshop/,,2026-02-10T06:01:01Z
,John Deere,USA,,,,,Excavator,,,html,https://www.deere.com/en/mowers/commercial-mowers/,,2026-02-10T06:01:02Z
Hybrid,John Deere,USA,,,,,Excavator,,,html,https://www.deere.com/en/harvesting/,,2026-02-10T06:01:02Z
,John Deere,USA,,,,,Excavator,,,html,https://www.deere.com/en/hay-forage/,,2026-02-10T06:01:03Z
,John Deere,USA,,,,,Excavator,,,html,https://www.deere.com/en/loaders/skid-steers/,,2026-02-10T06:01:03Z
,John Deere,USA,,,,,Excavator,,,html,https://www.deere.com/en/forestry-and-logging/,,2026-02-10T06:01:04Z
,John Deere,USA,,,,,Excavator,,,html,https://www.deere.com/en/,,2026-02-10T06:01:04Z
,John Deere,USA,,,,,Excavator,,,html,https://www.deere.com/en/mowers/,,2026-02-10T06:01:05Z
,John Deere,USA,,,,,Excavator,,,html,https://www.deere.com/en/news/all-news/brian-sikes-board/,,2026-02-10T06:01:05Z
Hybrid,John Deere,USA,,,,,Excavator,,,html,https://www.deere.com/en/golf-sports-turf/,,2026-02-10T06:01:06Z
,John Deere,USA,,,,,Excavator,,,html,https://www.deere.com/en/snowremoval/,,2026-02-10T06:01:06Z
,John Deere,USA,,,,,Excavator,,,html,https://www.deere.com/en/news/#ls-canvas,,2026-02-10T06:01:07Z
,John Deere,USA,,,,,Excavator,,,html,https://www.deere.com/en/finance/financing/ag-turf/,,2026-02-10T06:01:07Z
,John Deere,USA,,,,,Excavator,,,html,https://www.deere.com/en/turf-sprayers/,,2026-02-10T06:01:08Z
,John Deere,USA,,,,,Excavator,,,html,https://www.deere.com/en/forms/preference-center/,,2026-02-10T06:01:08Z
Battery,Epiroc,Sweden,,,,,Dump truck,,,html,https://www.epiroc.com/,,2026-02-10T06:01:09Z
Battery,Epiroc,Sweden,,,,,Excavator,,,html,https://www.epiroc.com/en-cz,,2026-02-10T06:01:10Z
Battery,Epiroc,Sweden,,,,,Excavator,,,html,https://www.epiroc.com/pt-pt,,2026-02-10T06:01:10Z
Battery,Epiroc,Sweden,,,,,Excavator,,,html,https://www.epiroc.com/ru-am,,2026-02-10T06:01:11Z
Battery,Epiroc,Sweden,,,,,Excavator,,,html,https://www.epiroc.com/en-sa,,2026-02-10T06:01:12Z
Battery,Epiroc,Sweden,,,,,Excavator,,,html,https://www.epiroc.com/en-za,,2026-02-10T06:01:12Z
Battery,Epiroc,Sweden,,,,,Excavator,,,html,https://www.epiroc.com/fr-cd,,2026-02-10T06:01:12Z
Battery,Epiroc,Sweden,,,,,Excavator,,,html,https://www.epiroc.com/en-cd,,2026-02-10T06:01:12Z
Battery,Epiroc,Sweden,,,,,Excavator,,,html,https://www.epiroc.com/en-ph,,2026-02-10T06:01:13Z
Battery,Epiroc,Sweden,,,,,Excavator,,,html,https://www.epiroc.com/en-bg,,2026-02-10T06:01:14Z
Battery,Epiroc,Sweden,,,,,Excavator,,,html,https://www.epiroc.com/es-es,,2026-02-10T06:01:14Z
Battery,Epiroc,Sweden,,,,,Excavator,,,html,https://www.epiroc.com/fr-tn,,2026-02-10T06:01:14Z
Battery,Epiroc,Sweden,,,,,Excavator,,,html,https://www.epiroc.com/en-ug,,2026-02-10T06:01:15Z
Battery,Epiroc,Sweden,,,,,Excavator,,,html,https://www.epiroc.com/en/privacy-portal,,2026-02-10T06:01:16Z
Battery,Epiroc,Sweden,,,,,Excavator,,,html,https://www.epiroc.com/es-mx,,2026-02-10T06:01:16Z
Battery,Epiroc,Sweden,,,,,Excavator,,,html,https://www.epiroc.com/en-om,,2026-02-10T06:01:16Z
Battery,Epiroc,Sweden,,,,,Excavator,,,html,https://www.epiroc.com/en-jo,,2026-02-10T06:01:17Z
Battery,Epiroc,Sweden,,,,,Excavator,,,html,https://www.epiroc.com/en-th,,2026-02-10T06:01:18Z
Battery,Epiroc,Sweden,,,,,Excavator,,,html,https://www.epiroc.com/en-hu,,2026-02-10T06:01:18Z
Battery,Epiroc,Sweden,,,,,Excavator,,,html,https://www.epiroc.com/en-sk,,2026-02-10T06:01:19Z
Battery,Epiroc,Sweden,,,,,Excavator,,,html,https://www.epiroc.com/en-ly,,2026-02-10T06:01:19Z
Battery,Epiroc,Sweden,,,,,Excavator,,,html,https://www.epiroc.com/en-et,,2026-02-10T06:01:20Z
Battery,Epiroc,Sweden,,,,,Excavator,,,html,https://www.epiroc.com/en-ie,,2026-02-10T06:01:20Z
Battery,Epiroc,Sweden,,,,,Excavator,,,html,https://www.epiroc.com/en-nl,,2026-02-10T06:01:21Z
Battery,Epiroc,Sweden,,,,,Excavator,,,html,https://www.epiroc.com/en-lt,,2026-02-10T06:01:21Z
Battery,Epiroc,Sweden,,,,,Excavator,,,html,https://www.epiroc.com/fr-ml,,2026-02-10T06:01:21Z
Battery,Epiroc,Sweden,,,,,Excavator,,,html,https://www.epiroc.com/en-me,,2026-02-10T06:01:22Z
Battery,Epiroc,Sweden,,,,,Excavator,,,html,https://www.epiroc.com/en-fi,,2026-02-10T06:01:23Z
Battery,Epiroc,Sweden,,,,,Excavator,,,html,https://www.epiroc.com/en-uk,,2026-02-10T06:01:23Z
Battery,Epiroc,Sweden,,,,,Excavator,,,html,https://www.epiroc.com/en-dk,,2026-02-10T06:01:23Z
Battery,Epiroc,Sweden,,,,,Excavator,,,html,https://www.epiroc.com/en-qa,,2026-02-10T06:01:24Z
Hydrogen,JCB,UK,,,,,Excavator,,,html,https://www.jcb.com/,,2026-02-10T06:01:26Z
Hydrogen,JCB,UK,,,,,Excavator,,,html,https://www.jcb.com/en-GB/parts-and-service/parts/,,2026-02-10T06:01:27Z
Hydrogen,JCB,UK,,,,,Excavator,,,html,https://www.jcb.com/en-GB/products/machines/articulated-booms/,,2026-02-10T06:01:27Z
Hydrogen,JCB,UK,,,,,Excavator,,,html,https://www.jcb.com/en-GB/industries/municipalities/waste-and-recycling/,,2026-02-10T06:01:28Z
Hydrogen,JCB,UK,,,,,Excavator,,,html,https://www.jcb.com/en-GB/products/attachments/light-equipment/,,2026-02-10T06:01:28Z
Hydrogen,JCB,UK,,,,,Excavator,,,html,https://www.jcb.com/en-GB/products/machines/generators/,,2026-02-10T06:01:29Z
Hydrogen,JCB,UK,,,,,Excavator,,,html,https://www.jcb.com/en-GB/industries/electric-solutions/dumpsters/,,2026-02-10T06:01:29Z
Hydrogen,JCB,UK,,,,,Excavator,,,html,https://www.jcb.com/en-GB/industries/waste-and-recycling/telescopic-loaders/,,2026-02-10T06:01:30Z
Hydrogen,JCB,UK,,,,,Excavator,,,html,https://www.jcb.com/en-GB/products/machines/telescopic-loaders/,,2026-02-10T06:01:30Z
Hydrogen,JCB,UK,,,,,Excavator,,,html,https://www.jcb.com/en-GB/industries/construction/compact-track-loaders/,,2026-02-10T06:01:31Z
Hydrogen,JCB,UK,,,,,Excavator,,,html,https://www.jcb.com/en-GB/industries/municipalities/highway-maintenance/,,2026-02-10T06:01:32Z
Hydrogen,JCB,UK,,,,,Excavator,,,html,https://www.jcb.com/en-GB/industries/logistics/generators/,,2026-02-10T06:01:32Z
Hydrogen,JCB,UK,,,,,Excavator,,,html,https://www.jcb.com/en-GB/parts-and-service/parts/electrical-and-lighting-systems/,,2026-02-10T06:01:33Z
Hydrogen,JCB,UK,,,,,Excavator,,,html,https://www.jcb.com/en-GB/industries/electric-solutions/wheel-loaders/,,2026-02-10T06:01:33Z
Hydrogen,JCB,UK,,,,,Excavator,,,html,https://www.jcb.com/en-GB/products/machines/rotating-telehandlers/,,2026-02-10T06:01:34Z
Hydrogen,JCB,UK,,,,,Excavator,,,html,https://www.jcb.com/en-GB/products/machines/telescopic-handlers/,,2026-02-10T06:01:34Z
Hydrogen,JCB,UK,,,,,Excavator,,,html,https://www.jcb.com/en-GB/buy/used-machines/,,2026-02-10T06:01:35Z
Hydrogen,JCB,UK,,,,,Excavator,,,html,https://www.jcb.com/en-GB/industries/construction/industrial-forklifts/,,2026-02-10T06:01:35Z
Hydrogen,JCB,UK,,,,,Excavator,,,html,https://www.jcb.com/en-GB/products/attachments/charging-solutions/,,2026-02-10T06:01:37Z
Hydrogen,JCB,UK,,,,,Excavator,,,html,https://www.jcb.com/en-GB/buy/merchandise/,,2026-02-10T06:01:37Z
Hydrogen,JCB,UK,,,,,Excavator,,,html,https://www.jcb.com/en-GB/industries/logistics/articulated-booms/,,2026-02-10T06:01:38Z
Hydrogen,JCB,UK,,,,,Excavator,,,html,https://www.jcb.com/en-GB/products/machines/agricultural-tractors/6000-series/,,2026-02-10T06:01:38Z
Hydrogen,JCB,UK,,,,,Excavator,,,html,https://www.jcb.com/en-GB/parts-and-service/service/refurbishment-programme/,,2026-02-10T06:01:39Z
Hydrogen,JCB,UK,,,,,Excavator,,,html,https://www.jcb.com/en-GB/products/machines/wheel-loaders/,,2026-02-10T06:01:40Z
Hydrogen,JCB,UK,,,,,Excavator,,,html,https://www.jcb.com/en-GB/industries/waste-and-recycling/backhoe-loaders/,,2026-02-10T06:01:40Z
Hydrogen,JCB,UK,,,,,Excavator,,,html,https://www.jcb.com/en-GB/industries/waste-and-recycling/,,2026-02-10T06:01:40Z
Hydrogen,JCB,UK,,,,,Excavator,,,html,https://www.jcb.com/en-GB/explore/insight/lord-bamford/,,2026-02-10T06:01:42Z
Hydrogen,JCB,UK,,,,,Excavator,,,html,https://www.jcb.com/en-GB/industries/waste-and-recycling/industrial-forklifts/,,2026-02-10T06:01:43Z
Hydrogen,JCB,UK,,,,,Excavator,,,html,https://www.jcb.com/en-GB/industries/,,2026-02-10T06:01:43Z
Hydrogen,JCB,UK,,,,,Excavator,,,html,https://www.jcb.com/en-GB/products/machines/compact-track-loaders/,,2026-02-10T06:01:44Z
Hydrogen,JCB,UK,,,,,Excavator,,,html,https://www.jcb.com/#main,,2026-02-10T06:01:44Z
Hydrogen,JCB,UK,,,,,Excavator,,,html,https://www.jcb.com/en-gb/news,,2026-02-10T06:01:47Z
Hydrogen,JCB,UK,,,,,Excavator,,,html,https://www.jcb.com/en-GB/parts-and-service/parts/,,2026-02-10T06:01:47Z
Hydrogen,JCB,UK,,,,,Excavator,,,html,https://www.jcb.com/en-GB/products/machines/articulated-booms/,,2026-02-10T06:01:48Z
Hydrogen,JCB,UK,,,,,Excavator,,,html,https://www.jcb.com/en-GB/industries/municipalities/waste-and-recycling/,,2026-02-10T06:01:48Z
Hydrogen,JCB,UK,,,,,Excavator,,,html,https://www.jcb.com/en-GB/products/attachments/light-equipment/,,2026-02-10T06:01:49Z
Hydrogen,JCB,UK,,,,,Excavator,,,html,https://www.jcb.com/en-GB/products/machines/generators/,,2026-02-10T06:01:49Z
Hydrogen,JCB,UK,,,,,Excavator,,,html,https://www.jcb.com/en-GB/industries/electric-solutions/dumpsters/,,2026-02-10T06:01:50Z
Hydrogen,JCB,UK,,,,,Excavator,,,html,https://www.jcb.com/en-GB/industries/waste-and-recycling/telescopic-loaders/,,2026-02-10T06:01:50Z
Hydrogen,JCB,UK,,,,,Excavator,,,html,https://www.jcb.com/en-GB/products/machines/telescopic-loaders/,,2026-02-10T06:01:51Z
Hydrogen,JCB,UK,,,,,Excavator,,,html,https://www.jcb.com/en-GB/industries/construction/compact-track-loaders/,,2026-02-10T06:01:51Z
Hydrogen,JCB,UK,,,,,Excavator,,,html,https://www.jcb.com/en-GB/industries/municipalities/highway-maintenance/,,2026-02-10T06:01:52Z
Hydrogen,JCB,UK,,,,,Excavator,,,html,https://www.jcb.com/en-GB/explore/insight/news/2026/01/new-year-boost-as-jcb-wins-205-million-military-contract/,,2026-02-10T06:01:52Z
Hydrogen,JCB,UK,,,,,Excavator,,,html,https://www.jcb.com/en-GB/industries/logistics/generators/,,2026-02-10T06:01:53Z
Hydrogen,JCB,UK,,,,,Excavator,,,html,https://www.jcb.com/en-GB/parts-and-service/parts/electrical-and-lighting-systems/,,2026-02-10T06:01:53Z
Hydrogen,JCB,UK,,,,,Excavator,,,html,https://www.jcb.com/en-GB/explore/insight/news/?page=35,,2026-02-10T06:01:57Z
Hydrogen,JCB,UK,,,,,Excavator,,,html,https://www.jcb.com/en-GB/industries/electric-solutions/wheel-loaders/,,2026-02-10T06:01:57Z
Hydrogen,JCB,UK,,,,,Excavator,,,html,https://www.jcb.com/en-GB/products/machines/rotating-telehandlers/,,2026-02-10T06:01:58Z
Hydrogen,JCB,UK,,,,,Excavator,,,html,https://www.jcb.com/en-GB/products/machines/telescopic-handlers/,,2026-02-10T06:01:59Z
Hydrogen,JCB,UK,,,,,Excavator,,,html,https://www.jcb.com/en-GB/explore/insight/news/2026/01/jcb-presented-with-gold-lamma-show-farm-machinery-award/,,2026-02-10T06:01:59Z
Hydrogen,JCB,UK,,,,,Excavator,,,html,https://www.jcb.com/en-GB/buy/used-machines/,,2026-02-10T06:02:00Z
Hydrogen,JCB,UK,,,,,Excavator,,,html,https://www.jcb.com/en-GB/industries/construction/industrial-forklifts/,,2026-02-10T06:02:00Z
Hydrogen,JCB,UK,,,,,Excavator,,,html,https://www.jcb.com/en-GB/products/attachments/charging-solutions/,,2026-02-10T06:02:01Z
Hydrogen,JCB,UK,,,,,Excavator,,,html,https://www.jcb.com/en-GB/buy/merchandise/,,2026-02-10T06:02:02Z
Hydrogen,JCB,UK,,,,,Excavator,,,html,https://www.jcb.com/en-GB/industries/logistics/articulated-booms/,,2026-02-10T06:02:02Z
Hydrogen,JCB,UK,,,,,Excavator,,,html,https://www.jcb.com/en-GB/explore/insight/news/2026/02/public-invited-to-take-a-seat-on-unique-jcb-listening-bench/,,2026-02-10T06:02:03Z
Hydrogen,JCB,UK,,,,,Excavator,,,html,https://www.jcb.com/en-GB/parts-and-service/service/refurbishment-programme/,,2026-02-10T06:02:03Z
Hydrogen,JCB,UK,,,,,Excavator,,,html,https://www.jcb.com/en-GB/products/machines/wheel-loaders/,,2026-02-10T06:02:04Z
Hydrogen,JCB,UK,,,,,Excavator,,,html,https://www.jcb.com/en-GB/industries/waste-and-recycling/backhoe-loaders/,,2026-02-10T06:02:04Z
Hydrogen,JCB,UK,,,,,Excavator,,,html,https://www.jcb.com/en-GB/industries/waste-and-recycling/,,2026-02-10T06:02:05Z
Hydrogen,JCB,UK,,,,,Excavator,,,html,https://www.jcb.com/en-GB/explore/insight/lord-bamford/,,2026-02-10T06:02:05Z
Hydrogen,JCB,UK,,,,,Excavator,,,html,https://www.jcb.com/en-GB/industries/waste-and-recycling/industrial-forklifts/,,2026-02-10T06:02:06Z
Battery,Develon,South Korea,,,,,Excavator,,,html,https://eu.develon-ce.com/en/,,2026-02-10T06:02:10Z
,Develon,South Korea,,,,,Excavator,,,html,https://eu.develon-ce.com/en/products/engines,,2026-02-10T06:02:11Z
,Develon,South Korea,,,,,Excavator,,,html,https://eu.develon-ce.com/en/machines/dx800lc-7,,2026-02-10T06:02:13Z
,Develon,South Korea,,,,,Excavator,,,html,https://eu.develon-ce.com/en/machines/dx140w-7k,,2026-02-10T06:02:15Z
,Develon,South Korea,,,,,Excavator,,,html,https://eu.develon-ce.com/en/products/wheel-excavators,,2026-02-10T06:02:17Z
,Develon,South Korea,,,,,Excavator,,,html,https://eu.develon-ce.com/en/new-brand,,2026-02-10T06:02:19Z
,Develon,South Korea,,,,,Excavator,,,html,https://eu.develon-ce.com/en/machines/dx140lcr-7,,2026-02-10T06:02:20Z
,Develon,South Korea,,,,,Excavator,,,html,https://eu.develon-ce.com/en/machines/dx230lc-9,,2026-02-10T06:02:22Z
,Develon,South Korea,,,,,Excavator,,,html,https://eu.develon-ce.com/en/machines/dx160wmh-7,,2026-02-10T06:02:24Z
,Develon,South Korea,,,,,Excavator,,,html,https://eu.develon-ce.com/en/machines/dx255lc-7,,2026-02-10T06:02:26Z
,Develon,South Korea,,,,,Excavator,,,html,https://eu.develon-ce.com/en/machines/dx380lc-7,,2026-02-10T06:02:28Z
,Develon,South Korea,,,,,Excavator,,,html,https://eu.develon-ce.com/en/machines/dx530dm-7,,2026-02-10T06:02:30Z
,Develon,South Korea,,,,,Excavator,,,html,https://eu.develon-ce.com/en/people-also-search,,2026-02-10T06:02:32Z
,Develon,South Korea,,,,,Excavator,,,html,https://eu.develon-ce.com/en/machines/dx530lc-7,,2026-02-10T06:02:33Z
,Develon,South Korea,,,,,Excavator,,,html,https://eu.develon-ce.com/en/fairs-and-events/sim-2025,,2026-02-10T06:02:35Z
,Develon,South Korea,,,,,Excavator,,,html,https://eu.develon-ce.com/en/machines/dx27z,,2026-02-10T06:02:37Z
,Develon,South Korea,,,,,Excavator,,,html,https://eu.develon-ce.com/en/machines/dl580-7,,2026-02-10T06:02:39Z
,Develon,South Korea,,,,,Excavator,,,html,https://eu.develon-ce.com/en/news/2026-02-06-Designed-Around-the-Operator-Develon-Introduces-Updated-ADT-Cab,,2026-02-10T06:02:40Z
,Develon,South Korea,,,,,Excavator,,,html,https://eu.develon-ce.com/en/develon-9-series,,2026-02-10T06:02:42Z
Battery,Develon,South Korea,,,,,Excavator,,,html,https://eu.develon-ce.com/en/machines/dx250lce-7,,2026-02-10T06:02:44Z
,Develon,South Korea,,,,,Excavator,,,html,https://eu.develon-ce.com/en/industries/demolition,,2026-02-10T06:02:45Z
,Develon,South Korea,,,,,Excavator,,,html,https://eu.develon-ce.com/en/machines/dx530lc-7-slr,,2026-02-10T06:02:47Z
,Develon,South Korea,,,,,Excavator,,,html,https://eu.develon-ce.com/en/become-a-dealer,,2026-02-10T06:02:49Z
Battery,Develon,South Korea,,,,,Excavator,,,html,https://eu.develon-ce.com/en/innovation-concept-x,,2026-02-10T06:02:50Z
,Develon,South Korea,,,,,Excavator,,,html,https://eu.develon-ce.com/en/news/2025-07-04-Demolition-of-the-Former-Tesla-Site-in-the-Czech-Republic-Carried-Out-Using-a-Develon-DX380DM-7-Excavator,,2026-02-10T06:02:52Z
,Develon,South Korea,,,,,Excavator,,,html,https://eu.develon-ce.com/en/machines/dd130,,2026-02-10T06:02:53Z
,Develon,South Korea,,,,,Excavator,,,html,https://eu.develon-ce.com/en/machines/dx19-7,,2026-02-10T06:02:55Z
,Develon,South Korea,,,,,Excavator,,,html,https://eu.develon-ce.com/en/machines/dl08v,,2026-02-10T06:02:57Z
,Develon,South Korea,,,,,Excavator,,,html,https://eu.develon-ce.com/en/machines/dx50z,,2026-02-10T06:02:58Z
,Develon,South Korea,,,,,Excavator,,,html,https://eu.develon-ce.com/en/machines/pins-kits,,2026-02-10T06:03:00Z
,Develon,South Korea,,,,,Excavator,,,html,https://eu.develon-ce.com/en/machines/hydraulic-breakers-hb-series,,2026-02-10T06:03:02Z
Battery,Develon,South Korea,,,,,Excavator,,,html,https://eu.develon-ce.com/en/news,,2026-02-10T06:03:05Z
,Develon,South Korea,,,,,Excavator,,,html,https://eu.develon-ce.com/en/products/engines,,2026-02-10T06:03:06Z
,Develon,South Korea,,,,,Excavator,,,html,https://eu.develon-ce.com/en/machines/dx140w-7k,,2026-02-10T06:03:08Z
,Develon,South Korea,,,,,Excavator,,,html,https://eu.develon-ce.com/en/products/wheel-excavators,,2026-02-10T06:03:10Z
,Develon,South Korea,,,,,Excavator,,,html,https://eu.develon-ce.com/en/new-brand,,2026-02-10T06:03:11Z
,Develon,South Korea,,,,,Excavator,,,html,https://eu.develon-ce.com/en/machines/dx140lcr-7,,2026-02-10T06:03:13Z
,Develon,South Korea,,,,,Excavator,,,html,https://eu.develon-ce.com/en/machines/dx230lc-9,,2026-02-10T06:03:15Z
,Develon,South Korea,,,,,Excavator,,,html,https://eu.develon-ce.com/en/people-also-search,,2026-02-10T06:03:17Z
,Develon,South Korea,,,,,Excavator,,,html,https://eu.develon-ce.com/en/fairs-and-events/sim-2025,,2026-02-10T06:03:18Z
,Develon,South Korea,,,,,Excavator,,,html,https://eu.develon-ce.com/en/machines/dx27z,,2026-02-10T06:03:20Z
,Develon,South Korea,,,,,Excavator,,,html,https://eu.develon-ce.com/en/news/2026-02-06-Designed-Around-the-Operator-Develon-Introduces-Updated-ADT-Cab,,2026-02-10T06:03:22Z
,Develon,South Korea,,,,,Excavator,,,html,https://eu.develon-ce.com/en/develon-9-series,,2026-02-10T06:03:23Z
,Develon,South Korea,,,,,Excavator,,,html,https://eu.develon-ce.com/en/industries/demolition,,2026-02-10T06:03:25Z
,Develon,South Korea,,,,,Excavator,,,html,https://eu.develon-ce.com/en/become-a-dealer,,2026-02-10T06:03:27Z
Battery,Develon,South Korea,,,,,Excavator,,,html,https://eu.develon-ce.com/en/innovation-concept-x,,2026-02-10T06:03:28Z
,Develon,South Korea,,,,,Excavator,,,html,https://eu.develon-ce.com/en/news/2025-07-04-Demolition-of-the-Former-Tesla-Site-in-the-Czech-Republic-Carried-Out-Using-a-Develon-DX380DM-7-Excavator,,2026-02-10T06:03:30Z
Battery,Develon,South Korea,,,,,Excavator,,,html,https://eu.develon-ce.com/it/news,,2026-02-10T06:03:31Z
,Develon,South Korea,,,,,Excavator,,,html,https://eu.develon-ce.com/en/machines/dd130,,2026-02-10T06:03:33Z
,Develon,South Korea,,,,,Excavator,,,html,https://eu.develon-ce.com/en/machines/dx19-7,,2026-02-10T06:03:35Z
,Develon,South Korea,,,,,Excavator,,,html,https://eu.develon-ce.com/en/machines/dl08v,,2026-02-10T06:03:36Z
,Develon,South Korea,,,,,Excavator,,,html,https://eu.develon-ce.com/en/machines/hydraulic-breakers-hb-series,,2026-02-10T06:03:38Z
,Develon,South Korea,,,,,Excavator,,,html,https://eu.develon-ce.com/en/machines/dl280-7-waste-loader,,2026-02-10T06:03:40Z
,Develon,South Korea,,,,,Excavator,,,html,https://eu.develon-ce.com/en/news/2022-03-20-HDI-annuncia-il-nuovo-inizio-come-DEVELON,,2026-02-10T06:03:41Z
,Develon,South Korea,,,,,Excavator,,,html,https://eu.develon-ce.com/en/industries/forestry,,2026-02-10T06:03:43Z
,Develon,South Korea,,,,,Excavator,,,html,https://eu.develon-ce.com/en/products/compact-wheel-loaders-attachments,,2026-02-10T06:03:45Z
,Develon,South Korea,,,,,Excavator,,,html,https://eu.develon-ce.com/en/machines/d34-crawler-excavators,,2026-02-10T06:03:46Z
,Develon,South Korea,,,,,Excavator,,,html,https://eu.develon-ce.com/en/machines/dx235rtf-7,,2026-02-10T06:03:48Z
,Develon,South Korea,,,,,Excavator,,,html,https://eu.develon-ce.com/en/industries/tunneling,,2026-02-10T06:03:50Z
,Develon,South Korea,,,,,Excavator,,,html,https://eu.develon-ce.com/en/news/2026-02-06-Introducing-the-New-DX230LC-9-Scale-Model,,2026-02-10T06:03:51Z
Battery,Develon,South Korea,,,,,Excavator,,,html,https://eu.develon-ce.com/de/news,,2026-02-10T06:03:53Z
,Develon,South Korea,,,,,Excavator,,,html,https://eu.develon-ce.com/en/machines/DX25Z-7,,2026-02-10T06:03:54Z
Hydrogen,HD Hyundai CE,South Korea,,,,,Excavator,,,html,https://www.hyundai-ce.com/,,2026-02-10T06:03:57Z
,HD Hyundai CE,South Korea,,,,,Excavator,,,html,https://www.hyundai-ce.com/en/product/support/contents,,2026-02-10T06:03:57Z
,HD Hyundai CE,South Korea,,,,,Excavator,,,html,https://www.hyundai-ce.com/en/agency/domestic?type=part,,2026-02-10T06:03:58Z
,HD Hyundai CE,South Korea,,,,,Excavator,,,html,https://www.hyundai-ce.com/es,,2026-02-10T06:03:58Z
,HD Hyundai CE,South Korea,,,,,Excavator,,,html,https://www.hyundai-ce.com/en/products/view?productsSeq=616,,2026-02-10T06:03:58Z
,HD Hyundai CE,South Korea,,,,,Excavator,,,html,https://www.hyundai-ce.com/en/overview/attachment/contents,,2026-02-10T06:03:59Z
,HD Hyundai CE,South Korea,,,,,Excavator,,,html,https://www.hyundai-ce.com/en/agency/domestic?type=sales,,2026-02-10T06:03:59Z
,HD Hyundai CE,South Korea,,,,,Excavator,,,html,https://www.hyundai-ce.com/en/agency/domestic,,2026-02-10T06:04:00Z
,HD Hyundai CE,South Korea,,,,,Excavator,,,html,https://www.hyundai-ce.com/en/overview/valuemate/contents,,2026-02-10T06:04:00Z
,HD Hyundai CE,South Korea,,,,,Excavator,,,html,https://www.hyundai-ce.com/en/products/view?productsSeq=573,,2026-02-10T06:04:01Z
,HD Hyundai CE,South Korea,,,,,Excavator,,,html,https://www.hyundai-ce.com/en/products/SL/list,,2026-02-10T06:04:01Z
,HD Hyundai CE,South Korea,,,,,Excavator,,,html,https://www.hyundai-ce.com/en/servicecenter/info/contents,,2026-02-10T06:04:02Z
,HD Hyundai CE,South Korea,,,,,Excavator,,,html,https://www.hyundai-ce.com/en/products/LD/list,,2026-02-10T06:04:02Z
,HD Hyundai CE,South Korea,,,,,Excavator,,,html,https://www.hyundai-ce.com/en/products/view?productsSeq=969,,2026-02-10T06:04:02Z
,HD Hyundai CE,South Korea,,,,,Excavator,,,html,https://www.hyundai-ce.com/en/educational/academy/contents,,2026-02-10T06:04:03Z
,HD Hyundai CE,South Korea,,,,,Excavator,,,html,https://www.hyundai-ce.com/en/agency/overseas?type=sales_agcy,,2026-02-10T06:04:03Z
Hydrogen,HD Hyundai CE,South Korea,,,,,Excavator,,,html,https://www.hyundai-ce.com/en,,2026-02-10T06:04:04Z
,HD Hyundai CE,South Korea,,,,,Excavator,,,html,https://www.hyundai-ce.com/en/inov/safety/contents,,2026-02-10T06:04:04Z
,HD Hyundai CE,South Korea,,,,,Excavator,,,html,https://www.hyundai-ce.com/en/total-search/list?q=Safety,,2026-02-10T06:04:06Z
,HD Hyundai CE,South Korea,,,,,Excavator,,,html,https://www.hyundai-ce.com/en/privacy/policy,,2026-02-10T06:04:06Z
,HD Hyundai CE,South Korea,,,,,Excavator,,,html,https://www.hyundai-ce.com/en/products/BL/list,,2026-02-10T06:04:07Z
,HD Hyundai CE,South Korea,,,,,Excavator,,,html,https://www.hyundai-ce.com/en/agency/overseas,,2026-02-10T06:04:07Z
,HD Hyundai CE,South Korea,,,,,Excavator,,,html,https://www.hyundai-ce.com/en/products/view?productsSeq=953,,2026-02-10T06:04:08Z
,HD Hyundai CE,South Korea,,,,,Excavator,,,html,https://www.hyundai-ce.com/en/products/DZ/list,,2026-02-10T06:04:08Z
,HD Hyundai CE,South Korea,,,,,Excavator,,,html,https://www.hyundai-ce.com/en/overview/parts/contents,,2026-02-10T06:04:09Z
,HD Hyundai CE,South Korea,,,,,Excavator,,,html,https://www.hyundai-ce.com/en/ask/questions/list,,2026-02-10T06:04:09Z
,HD Hyundai CE,South Korea,,,,,Excavator,,,html,https://www.hyundai-ce.com/en/total-search/list?q=TIER 4,,2026-02-10T06:04:11Z
,HD Hyundai CE,South Korea,,,,,Excavator,,,html,https://www.hyundai-ce.com/en/products/SP/list,,2026-02-10T06:04:11Z
,HD Hyundai CE,South Korea,,,,,Excavator,,,html,https://www.hyundai-ce.com/en/total-search/list?q=MG MC ,,2026-02-10T06:04:13Z
,HD Hyundai CE,South Korea,,,,,Excavator,,,html,https://www.hyundai-ce.com/en/total-search/list?q=HI MATE,,2026-02-10T06:04:15Z
,HD Hyundai CE,South Korea,,,,,Excavator,,,html,https://www.hyundai-ce.com/en/products/view?productsSeq=571,,2026-02-10T06:04:16Z
Hydrogen,SANY,China,,,,,Excavator,,,html,https://www.sanyglobal.com/,,2026-02-10T06:04:19Z
Hydrogen,SANY,China,,,,,Excavator,,,html,https://www.sanyglobal.com/press_releases/4835/,,2026-02-10T06:04:20Z
Hydrogen,SANY,China,,,,,Excavator,,,html,https://www.sanyglobal.com/cases/list-17/,,2026-02-10T06:04:21Z
Hydrogen,SANY,China,,,,,Excavator,,,html,https://www.sanyglobal.com/product/petroleum_equipment/fracking_unit/,,2026-02-10T06:04:22Z
Hydrogen,SANY,China,,,,,Excavator,,,html,https://www.sanyglobal.com/product/excavator/small_excavator/112/,,2026-02-10T06:04:22Z
Hydrogen,SANY,China,,,,,Excavator,,,html,https://www.sanyglobal.com/product/truck/off-highway_mining_truck/,,2026-02-10T06:04:23Z
Hydrogen,SANY,China,,,,,Excavator,,,html,https://www.sanyglobal.com/press_releases/4847/,,2026-02-10T06:04:23Z
Hydrogen,SANY,China,,,,,Excavator,,,html,https://www.sanyglobal.com/product/sanitation_equipment/cleaning_trolley/,,2026-02-10T06:04:24Z
Hydrogen,SANY,China,,,,,Excavator,,,html,https://www.sanyglobal.com/product/generator_set/diesel_genset/,,2026-02-10T06:04:25Z
Hydrogen,SANY,China,,,,,Excavator,,,html,https://www.sanyglobal.com/privacy/,,2026-02-10T06:04:25Z
Hydrogen,SANY,China,,,,,Excavator,,,html,https://www.sanyglobal.com/product/mobile_crusher/mobile_impact_crusher/,,2026-02-10T06:04:26Z
Hydrogen,SANY,China,,,,,Excavator,,,html,https://www.sanyglobal.com/product/electric_forklift/electric_forklift1/,,2026-02-10T06:04:26Z
Hydrogen,SANY,China,,,,,Excavator,,,html,https://www.sanyglobal.com/press_releases/,,2026-02-10T06:04:27Z
Hydrogen,SANY,China,,,,,Excavator,,,html,https://www.sanyglobal.com/product/excavator/mini_excavator/109/,,2026-02-10T06:04:28Z
Hydrogen,SANY,China,,,,,Excavator,,,html,https://www.sanyglobal.com/product/aerial_work_platform/scissorlift1/,,2026-02-10T06:04:28Z
Hydrogen,SANY,China,,,,,Excavator,,,html,https://www.sanyglobal.com/product/loader/wheel_loader_new/,,2026-02-10T06:04:29Z
Hydrogen,SANY,China,,,,,Excavator,,,html,https://www.sanyglobal.com/press_releases/4841/,,2026-02-10T06:04:29Z
Hydrogen,SANY,China,,,,,Excavator,,,html,https://www.sanyglobal.com/product/port_machinery/reach_stacker/,,2026-02-10T06:04:30Z
Hydrogen,SANY,China,,,,,Excavator,,,html,https://www.sanyglobal.com/product/road_machinery/roller/,,2026-02-10T06:04:31Z
Hydrogen,SANY,China,,,,,Excavator,,,html,https://www.sanyglobal.com/product/excavator/mini_excavator/108/,,2026-02-10T06:04:31Z
Hydrogen,SANY,China,,,,,Excavator,,,html,https://www.sanyglobal.com/press_releases/4839/,,2026-02-10T06:04:32Z
Hydrogen,SANY,China,,,,,Excavator,,,html,https://www.sanyglobal.com/product/piling_machinery/rotary_drilling_rig/,,2026-02-10T06:04:32Z
Hydrogen,SANY,China,,,,,Excavator,,,html,https://www.sanyglobal.com/product/wind_turbine/wind_turbine_generator/,,2026-02-10T06:04:33Z
Hydrogen,SANY,China,,,,,Excavator,,,html,https://www.sanyglobal.com/product/mining_&_tunneling/roadheader/,,2026-02-10T06:04:33Z
Hydrogen,SANY,China,,,,,Excavator,,,html,https://www.sanyglobal.com/press_releases/4840/,,2026-02-10T06:04:34Z
Hydrogen,SANY,China,,,,,Excavator,,,html,https://www.sanyglobal.com/press_releases/4838/,,2026-02-10T06:04:34Z
Hydrogen,SANY,China,,,,,Excavator,,,html,https://www.sanyglobal.com/product/excavator/small_excavator/111/,,2026-02-10T06:04:35Z
Hydrogen,SANY,China,,,,,Excavator,,,html,https://www.sanyglobal.com/press_releases/4843/,,2026-02-10T06:04:35Z
Hydrogen,SANY,China,,,,,Excavator,,,html,https://www.sanyglobal.com/product/hydrogen_energy_equipment/hydrogen_production_equipment/,,2026-02-10T06:04:36Z
Hydrogen,SANY,China,,,,,Excavator,,,html,https://www.sanyglobal.com/product/fire-fighting_&_rescue/water_tower_fire_truck/,,2026-02-10T06:04:36Z
Hydrogen,SANY,China,,,,,Excavator,,,html,https://www.sanyglobal.com/press_releases/4851/,,2026-02-10T06:04:37Z
,XCMG,China,,,,,Wheel loader,,,html,https://www.xcmg.com/,,2026-02-10T06:04:39Z
,XCMG,China,,,,,Wheel loader,,,html,https://www.xcmg.com/product/pro-list.htm?catId=1001000414&erCatId=0&sanCatId=0,,2026-02-10T06:04:41Z
,XCMG,China,,,,,Wheel loader,,,html,https://www.xcmg.com/case/case.htm,,2026-02-10T06:04:42Z
,XCMG,China,,,,,Wheel loader,,,html,https://www.xcmg.com/product/pro-list.htm?catId=1001000236,,2026-02-10T06:04:43Z
,XCMG,China,,,,,Wheel loader,,,html,https://www.xcmg.com/product/pro-detail-121046.htm,,2026-02-10T06:04:45Z
,XCMG,China,,,,,Wheel loader,,,html,https://www.xcmg.com/aboutus/history.htm,,2026-02-10T06:04:46Z
,XCMG,China,,,,,Wheel loader,,,html,https://www.xcmg.com/core/control/wcm_common_member/login.jsp?method=logout,,2026-02-10T06:04:47Z
,XCMG,China,,,,,Wheel loader,,,html,https://www.xcmg.com/product/pro-list.htm?catId=1658&erCatId=0&sanCatId=0,,2026-02-10T06:04:48Z
,XCMG,China,,,,,Wheel loader,,,html,https://www.xcmg.com/product/pro-list.htm?catId=1001000304,,2026-02-10T06:04:50Z
,XCMG,China,,,,,Wheel loader,,,html,https://www.xcmg.com/aboutus/contact-us.htm,,2026-02-10T06:04:51Z
Battery,XCMG,China,,,,,Wheel loader,,,html,https://www.xcmg.com/site/search.htm?keywords=XE200GH挖掘机,,2026-02-10T06:04:52Z
,XCMG,China,,,,,Wheel loader,,,html,https://www.xcmg.com/aboutus/news-detail-1128669.htm,,2026-02-10T06:04:54Z
,XCMG,China,,,,,Wheel loader,,,html,https://www.xcmg.com/aboutus/video.htm,,2026-02-10T06:04:55Z
,XCMG,China,,,,,Wheel loader,,,html,https://www.xcmg.com/product/pro-list.htm?catId=32204,,2026-02-10T06:04:56Z
,XCMG,China,,,,,Wheel loader,,,html,https://www.xcmg.com/aftermarket/wenchuang.htm,,2026-02-10T06:04:57Z
,XCMG,China,,,,,Wheel loader,,,html,https://www.xcmg.com/product/pro-list.htm?catId=1001000343,,2026-02-10T06:04:59Z
,XCMG,China,,,,,Wheel loader,,,html,https://www.xcmg.com/product/pro-list.htm?catId=1001000236&erCatId=0&sanCatId=0,,2026-02-10T06:05:00Z
,XCMG,China,,,,,Wheel loader,,,html,https://www.xcmg.com/product/pro-list.htm?catId=1875&erCatId=0&sanCatId=0,,2026-02-10T06:05:01Z
,XCMG,China,,,,,Wheel loader,,,html,https://www.xcmg.com/aboutus/news.htm,,2026-02-10T06:05:02Z
,XCMG,China,,,,,Wheel loader,,,html,https://www.xcmg.com/product/pro-list.htm?catId=1001000343&erCatId=0&sanCatId=0,,2026-02-10T06:05:04Z
,XCMG,China,,,,,Wheel loader,,,html,https://www.xcmg.com/aboutus/previewnews-detail-1128550.htm,,2026-02-10T06:05:05Z
,XCMG,China,,,,,Wheel loader,,,html,https://www.xcmg.com/product/pro-list.htm?catId=1867,,2026-02-10T06:05:06Z
,XCMG,China,,,,,Wheel loader,,,html,https://www.xcmg.com/product/pro-list.htm?catId=1867&erCatId=0&sanCatId=0,,2026-02-10T06:05:07Z
,XCMG,China,,,,,Wheel loader,,,html,https://www.xcmg.com/aboutus/job_center.htm,,2026-02-10T06:05:09Z
,XCMG,China,,,,,Wheel loader,,,html,https://www.xcmg.com/financial/financial-programmes.htm,,2026-02-10T06:05:10Z
,XCMG,China,,,,,Wheel loader,,,html,https://www.xcmg.com/product/pro-list.htm?catId=34865&erCatId=0&sanCatId=0,,2026-02-10T06:05:11Z
,XCMG,China,,,,,Wheel loader,,,html,https://www.xcmg.com/event/event-podcasts.htm,,2026-02-10T06:05:12Z
,XCMG,China,,,,,Wheel loader,,,html,https://www.xcmg.com/product/pro-list.htm?catId=1001034534&erCatId=0&sanCatId=0,,2026-02-10T06:05:13Z
,XCMG,China,,,,,Wheel loader,,,html,https://www.xcmg.com/product/pro-list.htm?catId=1001000304&erCatId=0&sanCatId=0,,2026-02-10T06:05:15Z
,XCMG,China,,,,,Wheel loader,,,html,https://www.xcmg.com/product/pro-detail-120952.htm,,2026-02-10T06:05:16Z
,XCMG,China,,,,,Wheel loader,,,html,https://www.xcmg.com/solution/road-construction.htm,,2026-02-10T06:05:17Z
Battery,Terex,Global,,,,,Dump truck,,,html,https://www.terex.com/,,2026-02-10T06:06:00Z
Battery,Terex,Global,,,,,Dump truck,,,html,https://www.terex.com/en/company/news,,2026-02-10T06:06:01Z
Battery,Terex,Global,,,,,Dump truck,,,html,http://www.terex.com/it/pagina-principale,,2026-02-10T06:06:01Z
Battery,Terex,Global,,,,,Dump truck,,,html,https://www.terex.com/,,2026-02-10T06:06:01Z
Battery,Terex,Global,,,,,Dump truck,,,html,https://www.terex.com/en/footer/company/purpose-mission-values,,2026-02-10T06:06:02Z
Battery,Terex,Global,,,,,Dump truck,,,html,https://www.terex.com/en/footer/sustainability/governance,,2026-02-10T06:06:02Z
Battery,Terex,Global,,,,,Dump truck,,,html,https://www.terex.com/en/products-solutions/merchandise,,2026-02-10T06:06:03Z
Battery,Terex,Global,,,,,Dump truck,,,html,https://www.terex.com/en/company/contact-us,,2026-02-10T06:06:04Z
Battery,Terex,Global,,,,,Dump truck,,,html,https://www.terex.com/en/footer/company/contact-us,,2026-02-10T06:06:04Z
Battery,Terex,Global,,,,,Excavator,,,html,https://www.terex.com/en/search?indexCatalogue=core-index&searchQuery=Terex,,2026-02-10T06:06:06Z
Battery,Terex,Global,,,,,Dump truck,,,html,https://www.terex.com/en/footer/sustainability/ca-transparency-policy,,2026-02-10T06:06:06Z
Hybrid,Terex,Global,,,,,Dump truck,,,html,https://www.terex.com/en/products-solutions/equipment#aerial,,2026-02-10T06:06:08Z
Battery,Terex,Global,,,,,Dump truck,,,html,http://www.terex.com/de/home,,2026-02-10T06:06:08Z
Battery,Terex,Global,,,,,Dump truck,,,html,https://www.terex.com/en/terms-and-privacy/linking,,2026-02-10T06:06:09Z
Battery,Terex,Global,,,,,Dump truck,,,html,http://www.terex.com/en/home,,2026-02-10T06:06:09Z
Hybrid,Terex,Global,,,,,Dump truck,,,html,https://www.terex.com/en/footer/sustainability/product-innovation---customer-solutions,,2026-02-10T06:06:11Z
Battery,Terex,Global,,,,,Dump truck,,,html,https://www.terex.com/en/footer/products-solutions/terex-telematics-terms-of-use,,2026-02-10T06:06:11Z
Battery,Terex,Global,,,,,Dump truck,,,html,https://www.terex.com/en/footer/company/uk-group-tax-strategy,,2026-02-10T06:06:12Z
Battery,Terex,Global,,,,,Dump truck,,,html,https://www.terex.com/en/terms-and-privacy/cookie-notice,,2026-02-10T06:06:12Z
Battery,Terex,Global,,,,,Dump truck,,,html,https://www.terex.com/en/footer/sustainability/european-union-reach-regulation,,2026-02-10T06:06:13Z
Battery,Terex,Global,,,,,Dump truck,,,html,https://www.terex.com/en/terms-and-privacy/preferences,,2026-02-10T06:06:14Z
Battery,Terex,Global,,,,,Dump truck,,,html,https://www.terex.com/en,,2026-02-10T06:06:14Z
Battery,Terex,Global,,,,,Dump truck,,,html,http://www.terex.com/en-gb/home,,2026-02-10T06:06:15Z
Battery,Terex,Global,,,,,Dump truck,,,html,https://www.terex.com/en/footer/company/suppliers,,2026-02-10T06:06:15Z
Battery,Terex,Global,,,,,Dump truck,,,html,https://www.terex.com/en/terms-and-privacy/privacy-policy,,2026-02-10T06:06:15Z
Battery,Terex,Global,,,,,Dump truck,,,html,https://www.terex.com/en/footer/careers,,2026-02-10T06:06:15Z
Hybrid,Terex,Global,,,,,Dump truck,,,html,https://www.terex.com/en/products-solutions/services,,2026-02-10T06:06:16Z
Battery,Terex,Global,,,,,Dump truck,,,html,https://www.terex.com/en/products-solutions,,2026-02-10T06:06:17Z
Hybrid,Terex,Global,,,,,Dump truck,,,html,https://www.terex.com/en/products-solutions/equipment,,2026-02-10T06:06:18Z
,XEMC,China,,,,,Dump truck,,,html,http://www.xemc.com.cn/product/index/salenet.html,,2026-02-10T06:06:59Z
,XEMC,China,,,,,Dump truck,,,html,http://www.xemc.com.cn/company/index/tec.html,,2026-02-10T06:07:19Z
Battery,Yutong,China,,,,,Excavator,,,html,https://en.yutong.com/,,2026-02-10T06:09:43Z
Battery,Yutong,China,,,,,Excavator,,,html,https://en.yutong.com/products/E7S.shtml,,2026-02-10T06:09:48Z
Hybrid,Yutong,China,,,,,Excavator,,,html,https://en.yutong.com/technology/,,2026-02-10T06:09:58Z
Battery,Yutong,China,,,,,Excavator,,,html,https://en.yutong.com/privacy/,,2026-02-10T06:10:01Z
Hybrid,Yutong,China,,,,,Excavator,,,html,https://en.yutong.com/about/net-carbon-forest/,,2026-02-10T06:10:03Z
,Yutong,China,,,,,Excavator,,,html,https://en.yutong.com/pressmedia/news/yutong-news/2025/2003011352389619712.shtml,,2026-02-10T06:10:08Z
Hybrid,Yutong,China,,,,,Excavator,,,html,https://en.yutong.com/products/C13E.shtml,,2026-02-10T06:10:09Z
Hybrid,Yutong,China,,,,,Excavator,,,html,https://en.yutong.com/products/e-bus/,,2026-02-10T06:10:10Z
,Yutong,China,,,,,Excavator,,,html,https://en.yutong.com/products/city-bus/,,2026-02-10T06:10:12Z
Hybrid,Yutong,China,,,,,Excavator,,,html,https://en.yutong.com/pressmedia/event-topic/,,2026-02-10T06:10:17Z
,Yutong,China,,,,,Excavator,,,html,https://en.yutong.com/contact/contact/,,2026-02-10T06:10:19Z
Battery,Yutong,China,,,,,Excavator,,,html,https://en.yutong.com/about/our-market/yutong-in-america/,,2026-02-10T06:10:20Z
Hybrid,Yutong,China,,,,,Excavator,,,html,https://en.yutong.com/technology/industry-insights/,,2026-02-10T06:10:22Z
,Yutong,China,,,,,Excavator,,,html,https://en.yutong.com/site-map/,,2026-02-10T06:10:46Z
Hybrid,Yutong,China,,,,,Excavator,,,html,https://en.yutong.com/data-protection-rights-request/,,2026-02-10T06:10:48Z
Battery,Yutong,China,,,,,Excavator,,,html,https://en.yutong.com/technology/reliability-and-durability/,,2026-02-10T06:10:54Z
,Yutong,China,,,,,Excavator,,,html,https://en.yutong.com/service/service-contracts/overview/,,2026-02-10T06:10:57Z
Battery,Yutong,China,,,,,Excavator,,,html,https://en.yutong.com/e-solution/,,2026-02-10T06:11:00Z
Hybrid,Yutong,China,,,,,Excavator,,,html,https://en.yutong.com/pressmedia/media-library/video/,,2026-02-10T06:11:02Z
,Yutong,China,,,,,Excavator,,,html,https://en.yutong.com/products/airfield-buses/,,2026-02-10T06:11:04Z
,Yutong,China,,,,,Excavator,,,html,https://en.yutong.com/about/our-market/yutong-in-asia/,,2026-02-10T06:11:05Z
Battery,Yutong,China,,,,,Excavator,,,html,https://en.yutong.com/pressmedia/downloads/,,2026-02-10T06:11:07Z
,Yutong,China,,,,,Excavator,,,html,https://en.yutong.com/cookie/,,2026-02-10T06:11:08Z
,Yutong,China,,,,,Excavator,,,html,https://en.yutong.com/products/Van/,,2026-02-10T06:11:10Z
,Yutong,China,,,,,Excavator,,,html,https://en.yutong.com/service/,,2026-02-10T06:11:12Z
Hybrid,Yutong,China,,,,,Excavator,,,html,https://en.yutong.com/products/,,2026-02-10T06:11:14Z
,Yutong,China,,,,,Excavator,,,html,https://en.yutong.com/products/ZK6890HG.shtml,,2026-02-10T06:11:18Z
,Yutong,China,,,,,Excavator,,,html,https://en.yutong.com/about/our-market/,,2026-02-10T06:11:20Z
Hybrid,Yutong,China,,,,,Excavator,,,html,https://en.yutong.com/pressmedia/,,2026-02-10T06:11:23Z
,Yutong,China,,,,,Excavator,,,html,https://en.yutong.com/order/,,2026-02-10T06:11:26Z
,Zoomlion,China,,,,,Construction,,,html,https://en.zoomlion.com/,,2026-02-10T06:11:29Z
,Zoomlion,China,,,,,Construction,,,html,https://en.zoomlion.com/investor/Investor.htm#item01,,2026-02-10T06:11:30Z
,Zoomlion,China,,,,,Construction,,,html,https://en.zoomlion.com/investor/Investor.htm#item02,,2026-02-10T06:11:30Z
,Zoomlion,China,,,,,Construction,,,html,https://en.zoomlion.com/about/Technology&Innovation.htm,,2026-02-10T06:11:31Z
,Zoomlion,China,,,,,Construction,,,html,https://en.zoomlion.com/service/construction_cases.htm,,2026-02-10T06:11:32Z
,Zoomlion,China,,,,,Construction,,,html,http://en.zoomlion.com/,,2026-02-10T06:11:33Z
,Zoomlion,China,,,,,Construction,,,html,https://en.zoomlion.com/,,2026-02-10T06:11:34Z
,Zoomlion,China,,,,,Construction,,,html,https://en.zoomlion.com/news/events.jsp,,2026-02-10T06:11:35Z
,Zoomlion,China,,,,,Construction,,,html,https://en.zoomlion.com/investor/Investor.htm?name=financial#item02,,2026-02-10T06:11:36Z
,Zoomlion,China,,,,,Construction,,,html,https://en.zoomlion.com/contact/contact_us.htm,,2026-02-10T06:11:36Z
,Zoomlion,China,,,,,Construction,,,html,https://en.zoomlion.com/about/career.htm,,2026-02-10T06:11:37Z
,Zoomlion,China,,,,,Construction,,,html,https://en.zoomlion.com/investor/Investor.htm,,2026-02-10T06:11:38Z
,Zoomlion,China,,,,,Construction,,,html,https://en.zoomlion.com/news/News.jsp,,2026-02-10T06:11:39Z
,Zoomlion,China,,,,,Construction,,,html,https://en.zoomlion.com/service/services_offered.htm,,2026-02-10T06:11:40Z
,Zoomlion,China,,,,,Construction,,,html,https://en.zoomlion.com/service/service_network.htm,,2026-02-10T06:11:41Z
,Zoomlion,China,,,,,Construction,,,html,https://en.zoomlion.com/news/video.htm,,2026-02-10T06:11:42Z
,Zoomlion,China,,,,,Construction,,,html,https://en.zoomlion.com/service/parts_network.htm,,2026-02-10T06:11:43Z
,Zoomlion,China,,,,,Construction,,,html,https://en.zoomlion.com/about/social_responsibility.htm,,2026-02-10T06:11:44Z
Hybrid,Zoomlion,China,,,,,Construction,,,html,https://en.zoomlion.com/service/zoomlion_services.htm,,2026-02-10T06:11:45Z
Hybrid,Zoomlion,China,,,,,Excavator,,,html,https://en.zoomlion.com/about/company_profile.htm,,2026-02-10T06:11:46Z
Hydrogen,Doosan,Korea,,,,,Excavator,,,html,https://www.doosan.com/en,,2026-02-10T06:11:47Z
Hydrogen,Doosan,Korea,,,,,Excavator,,,html,https://www.doosan.com/en/media-center/press-release_view?id=20172767,,2026-02-10T06:11:48Z
Hydrogen,Doosan,Korea,,,,,Excavator,,,html,https://www.doosan.com/en/intro/affiliates/?menu=doosan-affiliates,,2026-02-10T06:11:49Z
Hydrogen,Doosan,Korea,,,,,Excavator,,,html,https://www.doosan.com/en/csr/social-responsibility/?menu=support-growth-of-people&tab=support-for-the-growth-of-children-youths,,2026-02-10T06:11:49Z
Hydrogen,Doosan,Korea,,,,,Excavator,,,html,https://www.doosan.com/en/media-center/press-release_view?id=20172763,,2026-02-10T06:11:51Z
Hydrogen,Doosan,Korea,,,,,Excavator,,,html,https://www.doosan.com/en/media-center/press-release_view?id=20172768,,2026-02-10T06:11:52Z
Hydrogen,Doosan,Korea,,,,,Excavator,,,html,https://www.doosan.com/en/intro/doosan-story/,,2026-02-10T06:11:53Z
Hydrogen,Doosan,Korea,,,,,Excavator,,,html,https://www.doosan.com/en/intro/affiliates/?menu=auxiliary-organizations,,2026-02-10T06:11:55Z
Hydrogen,Doosan,Korea,,,,,Excavator,,,html,https://www.doosan.com/en/intro/affiliates/?menu=doosan-affiliates#ccode=129,,2026-02-10T06:11:58Z
Hydrogen,Doosan,Korea,,,,,Wheel loader,,,html,https://www.doosan.com/en/intro/business-highlights,,2026-02-10T06:11:58Z
Hydrogen,Doosan,Korea,,,,,Excavator,,,html,https://www.doosan.com/en#WRAP,,2026-02-10T06:11:59Z
Hydrogen,Doosan,Korea,,,,,Excavator,,,html,https://www.doosan.com/en/media-center/ces2026/,,2026-02-10T06:12:00Z
Hydrogen,Doosan,Korea,,,,,Excavator,,,html,https://www.doosan.com/en/intro/leadership/,,2026-02-10T06:12:00Z
Hydrogen,Doosan,Korea,,,,,Excavator,,,html,https://www.doosan.com/en/intro/affiliates/?menu=doosan-affiliates/,,2026-02-10T06:12:01Z
Hydrogen,Doosan,Korea,,,,,Excavator,,,html,https://www.doosan.com/en/intro/doosan-story,,2026-02-10T06:12:02Z
Hydrogen,Doosan,Korea,,,,,Excavator,,,html,https://www.doosan.com/en/media-center/press-release/,,2026-02-10T06:12:04Z
Hydrogen,Doosan,Korea,,,,,Excavator,,,html,https://www.doosan.com/en/intro/affiliates/?menu=doosan-affiliates,,2026-02-10T06:12:06Z
Hydrogen,Doosan,Korea,,,,,Excavator,,,html,https://www.doosan.com/en/csr/social-responsibility/?menu=support-growth-of-people&tab=support-for-the-growth-of-children-youths,,2026-02-10T06:12:06Z
Hydrogen,Doosan,Korea,,,,,Excavator,,,html,https://www.doosan.com/en/intro/doosan-story/,,2026-02-10T06:12:09Z
Hydrogen,Doosan,Korea,,,,,Excavator,,,html,https://www.doosan.com/en/intro/affiliates/?menu=auxiliary-organizations,,2026-02-10T06:12:10Z
Hydrogen,Doosan,Korea,,,,,Excavator,,,html,https://www.doosan.com/en/intro/affiliates/?menu=doosan-affiliates#ccode=129,,2026-02-10T06:12:12Z
Hydrogen,Doosan,Korea,,,,,Wheel loader,,,html,https://www.doosan.com/en/intro/business-highlights,,2026-02-10T06:12:13Z
Hydrogen,Doosan,Korea,,,,,Excavator,,,html,https://www.doosan.com/en/media-center/ces2026/,,2026-02-10T06:12:14Z
Hydrogen,Doosan,Korea,,,,,Excavator,,,html,https://www.doosan.com/en/intro/leadership/,,2026-02-10T06:12:14Z
Hydrogen,Doosan,Korea,,,,,Excavator,,,html,https://www.doosan.com/en/intro/doosan-story,,2026-02-10T06:12:19Z
Hydrogen,Doosan,Korea,,,,,Excavator,,,html,https://www.doosan.com/en/media-center/press-release/,,2026-02-10T06:12:20Z
Hydrogen,Doosan,Korea,,,,,Excavator,,,html,https://www.doosan.com/en/intro/technology-innovation/?menu=rnd_unmanned-autonomous-system_eco-friendly-energy_state-of-art-manufacturing,,2026-02-10T06:12:21Z
,BEML,India,,,,,Excavator,,,html,https://www.bemlindia.in/,,2026-02-10T06:12:30Z
,BEML,India,,,,,Excavator,,,html,https://www.bemlindia.in/test-facilities/,,2026-02-10T06:12:32Z
Battery,BEML,India,,,,,Excavator,,,html,https://www.bemlindia.in/manufacturing-plants,,2026-02-10T06:12:35Z
,BEML,India,,,,,Excavator,,,html,https://www.bemlindia.in/vision-mission/,,2026-02-10T06:12:37Z
,BEML,India,,,,,Excavator,,,html,https://www.bemlindia.in/product-portfolio-2/,,2026-02-10T06:12:40Z
,BEML,India,,,,,Excavator,,,html,https://www.bemlindia.in/test-facilities,,2026-02-10T06:12:42Z
,BEML,India,,,,,Excavator,,,html,https://www.bemlindia.in/azadi-ka-amrit-mahotsav/,,2026-02-10T06:12:45Z
,BEML,India,,,,,Excavator,,,html,https://www.bemlindia.in/#PRODUCTS,,2026-02-10T06:12:47Z
,BEML,India,,,,,Excavator,,,html,https://www.bemlindia.in/cmd-interviews/,,2026-02-10T06:12:50Z
,BEML,India,,,,,Excavator,,,html,https://www.bemlindia.in/marketing-network/,,2026-02-10T06:12:52Z
,BEML,India,,,,,Excavator,,,html,https://www.bemlindia.in/product-portfolio-2,,2026-02-10T06:12:55Z
,BEML,India,,,,,Excavator,,,html,https://www.bemlindia.in/mining-and-construction,,2026-02-10T06:12:58Z
,BEML,India,,,,,Excavator,,,html,https://www.bemlindia.in/international-business-division,,2026-02-10T06:13:03Z
,BEML,India,,,,,Excavator,,,html,https://www.bemlindia.in/eprocurement/,,2026-02-10T06:13:07Z
,BEML,India,,,,,Excavator,,,html,https://www.bemlindia.in/about,,2026-02-10T06:13:11Z
,BEML,India,,,,,Excavator,,,html,https://www.bemlindia.in/about/,,2026-02-10T06:13:18Z
,BEML,India,,,,,Excavator,,,html,https://www.bemlindia.in/media-releases/,,2026-02-10T06:13:21Z
,BEML,India,,,,,Excavator,,,html,https://www.bemlindia.in/leadership,,2026-02-10T06:13:24Z
,BEML,India,,,,,Excavator,,,html,https://www.bemlindia.in/vigilance/,,2026-02-10T06:13:27Z
,BEML,India,,,,,Excavator,,,html,https://www.bemlindia.in/investors,,2026-02-10T06:13:30Z
,BEML,India,,,,,Excavator,,,html,https://www.bemlindia.in/#SUPPLIERS,,2026-02-10T06:13:35Z
,BEML,India,,,,,Excavator,,,html,https://www.bemlindia.in/contact,,2026-02-10T06:13:38Z
,BEML,India,,,,,Excavator,,,html,https://www.bemlindia.in/right-to-information,,2026-02-10T06:13:41Z
,BEML,India,,,,,Excavator,,,html,https://www.bemlindia.in/indigenisation,,2026-02-10T06:13:46Z
,BEML,India,,,,,Excavator,,,html,https://www.bemlindia.in/subsidiaries,,2026-02-10T06:13:49Z
,BEML,India,,,,,Excavator,,,html,https://www.bemlindia.in/media/press-releases/,,2026-02-10T06:13:55Z
,BEML,India,,,,,Excavator,,,html,https://www.bemlindia.in/scheme-for-arrangement-of-demerger/,,2026-02-10T06:13:57Z
,BEML,India,,,,,Excavator,,,html,https://www.bemlindia.in/test-facilities/,,2026-02-10T06:13:59Z
Battery,BEML,India,,,,,Excavator,,,html,https://www.bemlindia.in/manufacturing-plants,,2026-02-10T06:14:04Z
,BEML,India,,,,,Excavator,,,html,https://www.bemlindia.in/vision-mission/,,2026-02-10T06:14:06Z
,BEML,India,,,,,Excavator,,,html,https://www.bemlindia.in/product-portfolio-2/,,2026-02-10T06:14:09Z
,BEML,India,,,,,Excavator,,,html,https://www.bemlindia.in/test-facilities,,2026-02-10T06:14:12Z
,BEML,India,,,,,Excavator,,,html,https://www.bemlindia.in/general-information/,,2026-02-10T06:14:14Z
,BEML,India,,,,,Excavator,,,html,https://www.bemlindia.in/online-investor-complaints/,,2026-02-10T06:14:16Z
,BEML,India,,,,,Excavator,,,html,https://www.bemlindia.in/cmd-interviews/,,2026-02-10T06:14:18Z
,BEML,India,,,,,Excavator,,,html,https://www.bemlindia.in/marketing-network/,,2026-02-10T06:14:21Z
,BEML,India,,,,,Excavator,,,html,https://www.bemlindia.in/product-portfolio-2,,2026-02-10T06:14:23Z
,BEML,India,,,,,Excavator,,,html,https://www.bemlindia.in/as-on-agm-date/,,2026-02-10T06:14:25Z
,BEML,India,,,,,Excavator,,,html,https://www.bemlindia.in/investors-complaints/,,2026-02-10T06:14:28Z
,BEML,India,,,,,Excavator,,,html,https://www.bemlindia.in/mining-and-construction,,2026-02-10T06:14:31Z
,BEML,India,,,,,Excavator,,,html,https://www.bemlindia.in/online-complaint-status/,,2026-02-10T06:14:33Z
,BEML,India,,,,,Excavator,,,html,https://www.bemlindia.in/disclosures-under-regulation-46/,,2026-02-10T06:14:38Z
,BEML,India,,,,,Excavator,,,html,https://www.bemlindia.in/international-business-division,,2026-02-10T06:14:43Z
,BEML,India,,,,,Excavator,,,html,https://www.bemlindia.in/as-per-section-1242/,,2026-02-10T06:14:46Z
,BEML,India,,,,,Excavator,,,html,https://www.bemlindia.in/mamc-industries-limited/,,2026-02-10T06:14:48Z
,BEML,India,,,,,Excavator,,,html,https://www.bemlindia.in/appointment-change-of-directors-kmps/,,2026-02-10T06:14:52Z
,BEML,India,,,,,Excavator,,,html,https://www.bemlindia.in/eprocurement/,,2026-02-10T06:14:57Z
,BEML,India,,,,,Excavator,,,html,https://www.bemlindia.in/about,,2026-02-10T06:15:01Z
,BEML,India,,,,,Excavator,,,html,https://www.bemlindia.in/about/,,2026-02-10T06:15:07Z
